gvt_performance_in_gsd;Person;Name;Age;Birthday;Gender;Account;YearOfExperience;Geographical Diversity;Time Zone Different;Follow The Sun Approach;Work Time;Asynchronous;Synchronous;Travel Costs And Time;Work From Any Where In World;Diversity Of Skills;Culture Differences;Language Different;Company;Policies;Project;Task Sets;Work Tasks;Team;Leadership;Formal;Informal;cooperation;coordination;Trust;Cohesion;Knowledge Sharing;Compliment;Reward;Conflict;Staff Turnover;Reliability Of Information;Data Repositories;Comfort Environment;Technical Problems;Lack Of Organizational Structure;Training;Experience;Team Size;Factors Impacted by Size;Teamness;Process;Process Framework;Framework Activities;Marketplace_demands;Faulty Definition ;Requirements Not Understood;Requirement Change;Framework Activities Principles;Design Problem;Coding Problem;Documentation Problem;Test and Maintenance Difficult;Product;Goal;Goal is unclear;Scope;Scope is unclear;Cost;Low Office Costs;Low Wages;Time;Work Tasks Scheduling ;Time Allocation;Effort Allocation;Effort Validation;Defined Responsibilities;Delivery Deadline;Quality;Quality Factors;Newness Technology;Stakeholder Participation Early;SW Complexity;SW Size;Reusable Software ;HW;Network Resource;SW Tools;person_country;person_company;person_skill;person_team;person_product;person_project
number_of_line_of_code_pm_or_function_point_pm_that_completed;person1;yang;54;01/01/1970;male;yang@yahoo;55_month;china;time_zone_gmt+8;FTS1;work_hours_to_9;Emails;Telephones_call;flight_costs;work_from_the_home;android_developer_skill;individualism_culture;mandarin_chinese;company1;personnel_policies;concept_development_projects;task_set_for_a_concept_development_projects;task1;business_analysis_team;team_leaders_1;vertical_bottom-up_communication;single_strand_chain_communication;direct_cooperation;internal_coordination;cognitive_trust;emotional_cohesion;explicit_knowledge_sharing;having_you_on_the_team_makes_a_huge_difference;money;relationship_conflict;voluntary_turnover;historical_information;GitHub;providing_hardware_and_software;design_problems;unclear_roles;data_analytics_courses;data_analytics_certification;eight_person;individual_satisfaction;willingness_to_take_risks_for_the_success_of_the_team;waterfall_model;generic_process_framework;communication;changing_market_demand;erroneous_definition_of_requirements;not_clarity_of_market_or_customer_requirements;change_in_requirements_due_to_insufficient_participation_of_stakeholders_in_the_requirements_management_process;the_primary_goal_of_the_software_team_is_to_build_software_not_create_models.(modeling);represent_software_requirements_by_means_of_erroneous_algorithms;misunderstanding_the_design_documentation;omission_of_software_functions;difficulty_understanding_program_code_prepared_by_a_non-compliant_team.;product1;create_and_edit_documents;FALSE;scope1;FALSE;cost1;Low_rent_payments;Low_salaries;three_months;meet_with_customers;2_day;2_person_day;TRUE;person(9_16);week1_day2;the_program_ability_to_meet_user_requirements;correctness;modern_programming_languages;stakeholder_engagement_starts_as_soon_as_the_project_charter_has_been_approved;v(g)=150;number_of_loc_to_(30000);algorithms;servers;protocols;testing_tools;1;2;1;2;1;2
cost_per_line_of_code_or_function_point;person2;anna;53;02/01/1971;fmale;anna@Gmale;56_month;germany;time_zone_gmt+1.00;FTS2;work_hours_to_10;corporate_intranet;Skype;hotel_costs;work_from_park;cyber_security_skill;collectivism_culture;german;company2;disciplinary_action_policies;new_application_development_projects;task_set_for_a_new_application_development_projects;task2;development_team;team_leaders_2;vertical_top-down_communication;cluster_chain_communication;indirect_cooperation;external_coordination;affective_trust;continuity_cohesion;tacit_knowledge_sharing;you_always_find_a_way_to_get_it_done_and_done_well;vacations;task_conflict;involuntary_turnover;prior_experiences;teamwork_data_centers;choose_outstanding_employees;implementation_problems;failure_to_specify_responsibilities;web_programming_web_design_courses;web_programming_web_design_certification;sixteen_person;individuals_contributions;a_unified_vision_and_clear_goals;v_model;scrum_framework;planning;changing_customer_requirements;absence_of_vital_requirements;misunderstanding_of_the_client_instructions_stated_in_the_requirements_document;change_in_requirements_based_on_a_change_in_the_market_need;do_not_create_more_models_than_you_need.(modeling);process_definitions_that_contain_sequencing_errors;linguistic_errors_in_the_programming_languages;errors_in_the_explanations_and_instructions_given_to_users;Individuals_who_replace_to_a_non-compliant_team_member_find_it_difficult_to_understand_his_work.;product2;create_computer_aided_designs;FALSE;scope2;FALSE;cost2;low_office_expenses;low_benefits;four_months;identify_needs_and_project_constraints;1_day;1_person_day;TRUE;person16;week1_day2;the_program_is_executable_in_various_circumstances;reliability;modern_development_methodologies;during_the_requirements_gathering_phase;v(g)=250;number_of_loc_to_(40000);function;printers;networks;documentation_tools;2;3;1;3;1;2
quality_and_number_of_line_of_code_pm_or_function_point_pm_that_completed;person3;ashly;52;03/01/1972;fmale;ashly@Gmale;57_month;india;time_zone_gmt+5.5;FTS3;work_hours_to_11;fax_machines;whatsApp.;time_of_travel;work_inside_an_office;web_developer_skill;power_distance_culture;hindi;company3;safety_policies;application_enhancement_projects;task_set_for_a_application_enhancement_projects;task3;ux_ui_design_team;team_leaders_3;horizontal_communication;probability_chain_communication;;vertical_coordination;;normative_cohesion;;thank_you_for_always_speaking_up_in_team_meetings_and_providing_a_unique_perspective;prizes;conflict_of_process;retirement;articles;google_drive;get_rid_of_negative_employees;verification_and_maintenance_problems;inability_to_maintain_an_employee_basic_job_skills;ui_ux_development_courses;ui_ux_evelopment_certification;sixteen_person.;communication_complexity;all_team_members_want_to_succeed;incremental_model;xp_framework;modeling;commercial_competition;incomplete_definition_of_requirement;misunderstanding_of_the_client_requirements_changes_presented_to_the_developer_in_written_form_during_the_development_period;change_in_requirements_due_to_the_developer_intentional_deviation_from_the_documented_requirements;strive_to_produce_the_simplest_model_that_will_describe_the_problem_or_the_software.(modeling);erroneous_definition_of_boundary_conditions;errors_in_the_application_of_case;listing_of_non_existing_software_functions;difficulty_coordinating_code_with_code_built_by_a_non-compliant_team.;product3;create_software_applications;FALSE;scope3;FALSE;cost3;low_office_services;low_insurance;five_months;establish_product_statement;1_day;1_person_day;TRUE;person17;week1_day3;the_program_needs_dedicated_resources;efficiency;test_tools;during_the_analysis_phase;v(g)=300;number_of_loc_to_(50000);class;personal_computers;network_software;project_management_programs;8;1;1;2;1;2
cycle_time;person4;jacob;51;04/01/1973;fmale;jacob@Gmale;58_month;japan;time_zone_gmt+9;FTS4;work_hours_to_12;chat;viber.;cost_of_gas;work_remotely_while_traveling;software_testing_skill;uncertainty_avoidance_culture;javanese;company4;technology_policies;application_maintenance_projects;task_set_for_a_application_maintenance_projects;task4;quality_assurance_team;team_leaders_4;crosswise_communication;gossip_chain_communication;;horizontal_coordination;;;;your_efforts_at_strengthening_our_culture_have_not_gone_unnoticed;plaques;;internal_transfers;research;microsoft_OneDrive;take_care_of_the_workplace;ambiguity_of_specifications;a_lack_of_coordination_between_functions;quality_assurance_courses;quality_assurance_certification;eight_person.;work_delay;great_cooperation_between_team_members;rad_model;v_model_framework;construction;marketing_time;;misunderstanding_of_the_client_requirements_changes_presented_orally_to_the_developer_during_the_development_period;change_in_requirements_due_to_developers_using_reusable_software;build_models_in_a_way_that_makes_them_amenable_to_change.(modeling);omission_of_required_software_system_states;errors_in_data_selection;there_are_errors_in_the_documented_code;difficulty_reviewing_the_design_prepared_by_a_non-compliant_team;product4;image_editing;FALSE;scope4;FALSE;cost4;low_furniture_cost;;six_months;scope_keyboard_functions;3_day;1_person_day;TRUE;person17.;week2_day2;the_information_may_be_accessed_by_authorized_persons;integrity;cloud_computing;during_the_design_phase;;number_of_loc_to_(60000);design_patterns;storage_devices;transmission_medium;programming_language;5;3;2;2;1;2
release_cycle_time;person5;fernando;50;05/01/1974;male;fernando@Gmale;59_month;poland;time_zone_gmt+1.;FTS5;work_hours_to_13;whatsApp;VOIP;pocket_money;work_from_the_café;java_developer_skill;orientation_to_time_culture;polish;company5;privacy_policies;reengineering_projects;task_set_for_a_reengineering_projects;task5;testing_team;team_leaders_5;;;;;;;;even_when_the_going_gets_tough_you_continue_to_have_the_best_attitude_thank_you;additional_education;;;scientific_books;dropbox;freedom_of_expression;technical_uncertainty;failure_to_share_ideas_and_decisions;testing_courses;testing_certification;ten_person;;encouraging_teamwork;scrum_model;rad_model_framework;deployment;;;misunderstanding_of_the_client_response_to_the_design_problems_presented_by_the_developers;change_in_requirements_due_to_time_or_budget_pressures;be_able_to_state_an_explicit_purpose-for_each_model_that_is_created.(modeling);omission_of_definitions_concerning_reactions_to_the_illegal_operation_of_the_software_system;errors_in_algorithms;the_symbols_used_are_not_standardized;the_difficulty_of_conducting_the_unit_test_which_leaves_more_room_for_errors.;product5;analyzes_patterns_and_organizes_data;FALSE;scope5;FALSE;cost5;;;seven_months;scope_voice_input_functions;4_day;2_person_day;TRUE;person(22_61);week2_day2;the_program_is_easy_to_use;usability;;;;;architectures;;switches;;6;1;2;3;1;2
;person6;emma;49;06/01/1975;fmale;emma@Gmale;60_month;mexico;time_zone_gmt-6;FTS6;work_hours_to_14;viber;google_meet;cost_of_food_on_the_road;;quality_assurance_skill;gender_egalitarianism_culture;spanish;company6;payment_policies;;;task6;maintenance_team;team_leaders_6;;;;;;;;it_is_amazing_how_you_always_help_new_employees_get_up_to_speed;;;;;;;technical_obsolescence;;maintenance_courses;maintenance_certification;seven_person;;great_coordination_between_team_members;spiral_model;;requirements;;;;;Adapt_the_models_you_develop_to_the_system_at_hand.(modeling);making_modifications_to_the_design_process;errors_in_code_sequence;errors_in_the_user_manual;the_maintenance_team_is_having_trouble_understanding_the_software_and_its_documentation.;product6;video_communication_software;FALSE;scope6;FALSE;cost6;;;eight_months;scope_modes_of_interaction;3_day;1_person_day;TRUE;person25;week2_day3;the_program_is_easy_to_maintain;maintainability;;;;;user_documents;;;;2;3;16;2;1;2
;person7;zhang;48;07/01/1976;fmale;zhang@Gmale;61_month;brazil;time_zone_gmt-3;;work_hours_to_15;messengers;team_Viewer;;;python_developer_skill;assertiveness_culture;portuguese;;confidentiality_policies;;;task7;;;;;;;;;;your_work_ethic_speaks_for_itself;;;;;;;leading_technology;;;;;;;prototype_model;;analysis;;;;;try_to_build_useful_models_but_forget_about_building_perfect_models.(modeling);design_redundant_system_states;erroneous_of_boundary_conditions;not_using_the_principles_of_documentation;incomplete_debugging_due_to_time_budget_and_carelessness_pressures.;product7;secure_from_cyber_attacks;FALSE;scope7;TRUE;cost7;;;nine_months;scope_documents_diagnosis;2_day;1_person_day;TRUE;person40;week2_day2;the_program_is_adaptable;flexibility;;;;;test_cases;;;;1;2;3;2;1;2
;person8;simon;46;08/11/1977;fmale;simon@Gmale;62_month;united_state;time_zone_gmt-5;;work_hours_to_16;phone_messages;Zoom_meeting;;;information_analyst_skill;humane_orientation_culture;english.;;whistleblower_Policy;;;task8;;;;;;;;;;the_pride_you_take_in_your_work_is_truly_inspiring;;;;;;;;;;;;;;xp_model;;design;;;;;do_not__become_dogmatic_about_the_syntax_of_the_model_If_it_communicates_content_successfully_representation_is_secondary.(modeling);not_using_design_principles;lose_of_functions;weak_documentation_of_work_products;;product8;run_your_device_applications;TRUE;scope8;TRUE;cost8;;;ten_months;scope_other_wp_functions;4_day;2_person_day;TRUE;person(41_61);week2_day3;the_program_can_be_run_on_more_than_one_system;portability;;;;;;;;;5;3;3;4;1;2
;person9;gabriel;45;09/11/1978;male;gabriel@Gmale;63_month;indonesia;time_zone_gmt+7;;work_hours_to_17;sina_webibo;elyments.;;;database_design_specialist_skill;indulgence_culture;indonesian;;employee_performance_policies;;;task9;;;;;;;;;;i_was_blown_away_by_your_contributions_this_week;;;;;;;;;;;;;;;;evolution;;;;;if_your_instincts_tell_you_a_model_is_not_right_even_though_it_seems_okay_on_paper_ you_probably_have_reason_to_be_concerned.(modeling);;divided_by_zero;;;product9;maintain_software;TRUE;scope9;FALSE;cost9;;;eleven_months;document_OCI;3_day;3_person_day;TRUE;person(61_41_22);week2_day3;the_program_supports_the_use_of_modules_from_previously_developed_programs_or_vice_versa.;reusability;;;;;;;;;7;1;3;1;1;2
;person10;charles;44;10/11/1979;fmale;charles@Gmale;64_month;france;time_zone_gmt+1;;work_hours_to_18;elyments;messengers.;;;image_processing_skill;restraint_culture;french;;document_and_records_retention_policies;;;task10;;;;;;;;;;;;;;;;;;;;;;;;;;delivery;;;;;get_feedback_as_soon_as_you_can.(modeling);;not_using_code_principles;;;product10;design_database;FALSE;scope10;FALSE;cost10;;;twelve_months;review1_OCI_with_customer.;1_day;3_person_day;TRUE;person(9_16_17);week2_day3;the_program_can_be_linked_with_other_systems_or_equipment;interoperability;;;;;;;;;10;3;7;3;1;2
;person11;ben;43;11/11/1980;male;ben@Gmale;65_month;pakistan;time_zone_gmt+5;;work_hours_to_19;instagram;instagram.;;;agile_project_management_skill;;urdu;;;;;task11;;;;;;;;;;;;;;;;;;;;;;;;;;coding;;;;;understand_the_problem_you_are_trying_to_solve.(coding);;;;;;;;;;;;;;revise_OCI_as_required;1_day;3_person_day;TRUE;person(25_40_41);week2_day4;the_program_is_verifiable_by_design_and_programming.;verifiability;;;;;;;;;2;3;4;6;1;2
;person12;zhao;42;12/11/1981;fmale;zhao@Gmale;12_month;turkey;time_zone_gmt+2;;work_hours_to_20;telegram;telegram.;;;CISCO_skill;;turkish;;;;;task12;;;;;;;;;;;;;;;;;;;;;;;;;;testing;;;;;understand_basic_design_principles_and_concepts.(coding);;;;;;;;;;;;;;define_keyboard_functions;3_day;4_person_day;TRUE;person(1_3_4_6);week3_day3;the_program_is_subject_to_expansion_and_improvement_in_the_future.;expandability;;;;;;;;;1;2;4;5;1;2
;person13;irina;41;13/11/1982;fmale;irina@Gmale;13_month;russia;time_zone_gmt+3;;work_hours_to_21;youTube;qq;;;oracle_specialist_skill;;russian;;;;;task13;;;;;;;;;;;;;;;;;;;;;;;;;;requirement_analysis;;;;;pick_a_programming_language_that_meets_the_needs_of_the_software_to_be_built_and_the_environment_in_which_it_will_operate.(coding);;;;;;;;;;;;;;define_voice_input_functions;4_day;4_person_day;TRUE;person(7_14_15_23);week3_day4;the_program_contains_protection_algorithms_in_the_event_of_a_system_failure.;safety;;;;;;;;;13;5;3;5;1;2
;person14;makoto;40;14/11/1983;male;makoto@Gmale;14_month;;;;work_hours_to_22;;kakaoTalk;;;communication_and_Interpersonal_skills;;;;;;;task14;;;;;;;;;;;;;;;;;;;;;;;;;;system_design;;;;;select_a_programming_environment_that_provides_tools_that_will_make_your_work_easier.(coding);;;;;;;;;;;;;;describe_modes_of_interaction;3_day;4_person_day;TRUE;person(26_30_34_39);week3_day4;the_program_contains_support_for_updates_and_maintenance.;manageability;;;;;;;;;4;4;5;2;1;2
;person15;oliver;39;15/12/1984;fmale;oliver@Gmale;15_month;;;;work_hours_to_23;;;;;negotiation_and_cost-benefit_analysis_skill;;;;;;;task15;;;;;;;;;;;;;;;;;;;;;;;;;;architectural_design;;;;;create_a_set_of_unit_tests_that_will_be_applied_once_the_component_you_code_is_completed.(coding);;;;;;;;;;;;;;describe_spell_grammar_check;3_day;6_person_day;TRUE;person(43_48_49_55_2_5);week3_day4;the_program_runs_for_long_periods_without_stopping.;survivability;;;;;;;;;8;1;5;2;1;2
;person16;mohammed;38;16/12/1985;fmale;mohammed@Gmale;16_month;;;;work_hours_to_24;;;;;JavaScript_skill;;;;;;;task16;;;;;;;;;;;;;;;;;;;;;;;;;;unit_testing;;;;;constrain_your_algorithms_by_following_structured_programming_practice.(coding);;;;;;;;;;;;;;describe_other_WP_functions;3_day;6_person_day;TRUE;person(10_28_29_37_35_42);week3_day4;;;;;;;;;;;12;3;18;1;1;2
;person17;denis;37;17/12/1986;male;denis@Gmale;17_month;;;;;;;;;HTML_skill;;;;;;;task17;;;;;;;;;;;;;;;;;;;;;;;;;;integration_testing;;;;;consider_the_use_of_pair_programming.(coding);;;;;;;;;;;;;;review2_OCI_with_customer;1_day;4_person_day;TRUE;person(32_46_50_51);week3_day5;;;;;;;;;;;10;3;6;1;1;2
;person18;yuni;36;18/12/1987;fmale;yuni@Gmale;18_month;;;;;;;;;c_skill;;;;;;;task18;;;;;;;;;;;;;;;;;;;;;;;;;;system_testing;;;;;select_data_structures_that_will_meet_the_needs_of_the_design.(coding);;;;;;;;;;;;;;revise_as_required;1_day;4_person_day;TRUE;person(56_62_64_65);week4_day1;;;;;;;;;;;9;2;6;4;1;2
;person19;gabriel;36;19/01/1988;fmale;gabriel@Gmale;19_month;;;;;;;;;documentation_and_presentation_skill;;;;;;;task19;;;;;;;;;;;;;;;;;;;;;;;;;;acceptance_testing;;;;;understand_the_software_architecture_and_create_interfaces_that_are_consistent_with_it.(coding);;;;;;; ;;;;;;;research_text_editing_components;1_day;3_person_day;TRUE;person(12_13_20);week4_day2;;;;;;;;;;;6;1;7;4;1;2
;person20;mia;35;20/01/1989;fmale;mia@Gmale;20_month;;;;;;;;;microsoft_excel_skill;;;;;;;task20;;;;;;;;;;;;;;;;;;;;;;;;;;cutover;;;;;conduct_a_code_walkthrough_when_appropriate.(coding);;;;;;;;;;;;;;research_voice_input_components;1_day;2_person_day;TRUE;person(21_31);week4_day3;;;;;;;;;;;2;3;7;5;1;2
;person21;ana;34;21/01/1990;fmale;ana@Gmale;21_month;;;;;;;;;;;;;;;;task21;;;;;;;;;;;;;;;;;;;;;;;;;;;;;;;perform_unit_tests_and_correct_errors_you_have_uncovered.(coding);;;;;;;;;;;;;;research_file_management_components;1_day;2_person_day;TRUE;person(44_57);week4_day1;;;;;;;;;;;7;1;4;5;1;2
;person22;emely;33;22/01/1991;fmale;emely@Gmale;22_month;;;;;;;;;;;;;;;;task22;;;;;;;;;;;;;;;;;;;;;;;;;;;;;;;refactor_the_code_to_improve_its_quality.(coding);;;;;;;;;;;;;;research_spell_grammar_check_components;1_day;3_person_day;TRUE;person(58_59_60);week4_day3;;;;;;;;;;;8;1;8;1;1;2
;person23;dinara;32;23/01/1992;male;dinara@Gmale;23_month;;;;;;;;;;;;;;;;task23;;;;;;;;;;;;;;;;;;;;;;;;;;;;;;;customer_expectations_for_the_software_must_be_managed.(deployment);;;;;;;;;;;;;;evaluate_voice_input;4_day;2_person_day;TRUE;person(8_24);week5_day2;;;;;;;;;;;13;5;10;2;1;2
;person24;ahmed;31;24/01/1993;fmale;ahmed@Gmale;1_month;;;;;;;;;;;;;;;;task24;;;;;;;;;;;;;;;;;;;;;;;;;;;;;;;a_complete_delivery_package_should_be_assembled_and_tested.(deployment);;;;;;;;;;;;;;evaluate_grammar_checking;3_day;2_person_day;TRUE;person(18_19);week5_day2;;;;;;;;;;;12;3;8;4;1;2
;person25;wang;30;25/01/1994;fmale;wang@Gmale;2_month;;;;;;;;;;;;;;;;task25;;;;;;;;;;;;;;;;;;;;;;;;;;;;;;;a_support_regimen_must_be_established_before_the_software_is_delivered.(deployment);;;;;;;;;;;;;;review_scope_document_with_customer;1_day;2_person_day;TRUE;person(27_33);week5_day4;;;;;;;;;;;1;2;9;1;1;2
;person26;sajan;29;26/01/1995;male;sajan@Gmale;3_month;;;;;;;;;;;;;;;;;;;;;;;;;;;;;;;;;;;;;;;;;;;;;;;appropriate_instructional_materials_must_be_provided_to_end_users.(deployment);;;;;;;;;;;;;;revise_document_as_required;1_day;2_person_day;TRUE;person(36_52);week5_day5;;;;;;;;;;;3;6;9;2;1;2
;person27;koboto;28;27/01/1996;fmale;koboto@Gmale;4_month;;;;;;;;;;;;;;;;;;;;;;;;;;;;;;;;;;;;;;;;;;;;;;;buggy_software_should_be_fixed_first_delivered_later.(deployment);;;;;;;;;;;;;;;;;;;;;;;;;;;;;;4;4;9;4;1;2
;person28;kan;27;28/01/1997;fmale;kan@Gmale;5_month;;;;;;;;;;;;;;;;;;;;;;;;;;;;;;;;;;;;;;;;;;;;;;;listen_before_communicating.(communication);;;;;;;;;;;;;;;;;;;;;;;;;;;;;;2;3;10;3;1;2
;person29;lucas;26;29/01/1998;male;lucas@Gmale;6_month;;;;;;;;;;;;;;;;;;;;;;;;;;;;;;;;;;;;;;;;;;;;;;;Prepare_before_you_communicate.(communication);;;;;;;;;;;;;;;;;;;;;;;;;;;;;;7;1;10;3;1;2
;person30;dmitri;25;30/01/1999;fmale;dmitri@Gmale;7_month;;;;;;;;;;;;;;;;;;;;;;;;;;;;;;;;;;;;;;;;;;;;;;;Take_notes_and_document_decisions.(communication);;;;;;;;;;;;;;;;;;;;;;;;;;;;;;13;5;18;2;1;2
;person31;natalya;24;01/02/2000;fmale;natalya@Gmale;8_month;;;;;;;;;;;;;;;;;;;;;;;;;;;;;;;;;;;;;;;;;;;;;;;If_something_is_unclear_draw_a_picture.(communication);;;;;;;;;;;;;;;;;;;;;;;;;;;;;;13;5;11;5;1;2
;person32;zhao;23;02/02/2001;male;zhao@Gmale;9_month;;;;;;;;;;;;;;;;;;;;;;;;;;;;;;;;;;;;;;;;;;;;;;;;;;;;;;;;;;;;;;;;;;;;;;;;;;;;;1;2;11;3;1;2
;person33;arjun;22;03/02/2002;fmale;arjun@Gmale;10_month;;;;;;;;;;;;;;;;;;;;;;;;;;;;;;;;;;;;;;;;;;;;;;;;;;;;;;;;;;;;;;;;;;;;;;;;;;;;;3;6;11;4;1;2
;person34;asahi;54;01/02/1970;fmale;asahi@Gmale;34_month;;;;;;;;;;;;;;;;;;;;;;;;;;;;;;;;;;;;;;;;;;;;;;;;;;;;;;;;;;;;;;;;;;;;;;;;;;;;;4;4;12;2;1;2
;person35;arthur;53;02/02/1971;male;arthur@Gmale;35_month;;;;;;;;;;;;;;;;;;;;;;;;;;;;;;;;;;;;;;;;;;;;;;;;;;;;;;;;;;;;;;;;;;;;;;;;;;;;;6;1;12;3;1;2
;person36;igor;52;03/02/1972;fmale;igor@Gmale;36_month;;;;;;;;;;;;;;;;;;;;;;;;;;;;;;;;;;;;;;;;;;;;;;;;;;;;;;;;;;;;;;;;;;;;;;;;;;;;;13;5;12;4;1;2
;person37;matheus;51;04/02/1973;fmale;matheus@Gmale;37_month;;;;;;;;;;;;;;;;;;;;;;;;;;;;;;;;;;;;;;;;;;;;;;;;;;;;;;;;;;;;;;;;;;;;;;;;;;;;;7;1;13;3;1;2
;person38;sasha;50;05/02/1974;fmale;sasha@Gmale;38_month;;;;;;;;;;;;;;;;;;;;;;;;;;;;;;;;;;;;;;;;;;;;;;;;;;;;;;;;;;;;;;;;;;;;;;;;;;;;;13;5;13;6;1;2
;person39;liu;49;06/03/1975;fmale;liu@Gmale;39_month;;;;;;;;;;;;;;;;;;;;;;;;;;;;;;;;;;;;;;;;;;;;;;;;;;;;;;;;;;;;;;;;;;;;;;;;;;;;;1;2;13;2;1;2
;person40;aleksandr;48;07/03/1976;male;aleksandr@Gmale;40_month;;;;;;;;;;;;;;;;;;;;;;;;;;;;;;;;;;;;;;;;;;;;;;;;;;;;;;;;;;;;;;;;;;;;;;;;;;;;;13;5;14;1;1;2
;person41;ali;47;08/03/1977;fmale;ali@Gmale;41_month;;;;;;;;;;;;;;;;;;;;;;;;;;;;;;;;;;;;;;;;;;;;;;;;;;;;;;;;;;;;;;;;;;;;;;;;;;;;;11;6;15;1;1;2
;person42;lena;46;09/03/1978;fmale;lena@Gmale;42_month;;;;;;;;;;;;;;;;;;;;;;;;;;;;;;;;;;;;;;;;;;;;;;;;;;;;;;;;;;;;;;;;;;;;;;;;;;;;;2;3;16;3;1;2
;person43;arham;45;10/03/1979;fmale;arham@Gmale;43_month;;;;;;;;;;;;;;;;;;;;;;;;;;;;;;;;;;;;;;;;;;;;;;;;;;;;;;;;;;;;;;;;;;;;;;;;;;;;;11;6;16;2;1;2
;person44;jay;44;11/04/1980;male;jay@Gmale;44_month;;;;;;;;;;;;;;;;;;;;;;;;;;;;;;;;;;;;;;;;;;;;;;;;;;;;;;;;;;;;;;;;;;;;;;;;;;;;;3;6;2;5;1;2
;person45;Zidane;43;12/04/1981;fmale;Zidane@Gmale;45_month;;;;;;;;;;;;;;;;;;;;;;;;;;;;;;;;;;;;;;;;;;;;;;;;;;;;;;;;;;;;;;;;;;;;;;;;;;;;;10;3;7;6;1;2
;person46;febriana;42;13/04/1982;fmale;febriana@Gmale;46_month;;;;;;;;;;;;;;;;;;;;;;;;;;;;;;;;;;;;;;;;;;;;;;;;;;;;;;;;;;;;;;;;;;;;;;;;;;;;;9;2;17;3;1;2
;person47;leon;41;14/04/1983;fmale;leon@Gmale;47_month;;;;;;;;;;;;;;;;;;;;;;;;;;;;;;;;;;;;;;;;;;;;;;;;;;;;;;;;;;;;;;;;;;;;;;;;;;;;;2;3;18;6;1;2
;person48;veer;40;15/05/1984;male;veer@Gmale;48_month;;;;;;;;;;;;;;;;;;;;;;;;;;;;;;;;;;;;;;;;;;;;;;;;;;;;;;;;;;;;;;;;;;;;;;;;;;;;;3;6;17;2;1;2
;person49;ethan;39;16/05/1985;fmale;ethan@Gmale;49_month;;;;;;;;;;;;;;;;;;;;;;;;;;;;;;;;;;;;;;;;;;;;;;;;;;;;;;;;;;;;;;;;;;;;;;;;;;;;;8;1;18;2;1;2
;person50;dominik;38;17/05/1986;male;dominik@Gmale;50_month;;;;;;;;;;;;;;;;;;;;;;;;;;;;;;;;;;;;;;;;;;;;;;;;;;;;;;;;;;;;;;;;;;;;;;;;;;;;;13;5;18;3;1;2
;person51;atheel;37;18/05/1987;fmale;atheel@Gmale;51_month;;;;;;;;;;;;;;;;;;;;;;;;;;;;;;;;;;;;;;;;;;;;;;;;;;;;;;;;;;;;;;;;;;;;;;;;;;;;;11;6;18;3;1;2
;person52;Jose;36;19/05/1988;male;Jose@Gmale;52_month;;;;;;;;;;;;;;;;;;;;;;;;;;;;;;;;;;;;;;;;;;;;;;;;;;;;;;;;;;;;;;;;;;;;;;;;;;;;;6;1;6;4;1;2
;person53;ayaan;35;20/06/1989;fmale;ayaan@Gmale;53_month;;;;;;;;;;;;;;;;;;;;;;;;;;;;;;;;;;;;;;;;;;;;;;;;;;;;;;;;;;;;;;;;;;;;;;;;;;;;;11;6;5;6;1;2
;person54;marat;34;21/06/1990;male;marat@Gmale;54_month;;;;;;;;;;;;;;;;;;;;;;;;;;;;;;;;;;;;;;;;;;;;;;;;;;;;;;;;;;;;;;;;;;;;;;;;;;;;;13;5;19;6;1;2
;person55;chen;33;22/06/1991;fmale;chen@Gmale;27_month;;;;;;;;;;;;;;;;;;;;;;;;;;;;;;;;;;;;;;;;;;;;;;;;;;;;;;;;;;;;;;;;;;;;;;;;;;;;;1;2;20;2;1;2
;person56;arian;32;23/08/1992;male;arian@Gmale;28_month;;;;;;;;;;;;;;;;;;;;;;;;;;;;;;;;;;;;;;;;;;;;;;;;;;;;;;;;;;;;;;;;;;;;;;;;;;;;;3;6;14;3;1;2
;person57;isama;31;24/08/1993;fmale;isama@Gmale;32_month;;;;;;;;;;;;;;;;;;;;;;;;;;;;;;;;;;;;;;;;;;;;;;;;;;;;;;;;;;;;;;;;;;;;;;;;;;;;;4;4;20;5;1;2
;person58;eden;30;25/08/1994;male;eden@Gmale;33_month;;;;;;;;;;;;;;;;;;;;;;;;;;;;;;;;;;;;;;;;;;;;;;;;;;;;;;;;;;;;;;;;;;;;;;;;;;;;;8;1;16;5;1;2
;person59;attaf;28;26/09/1995;fmale;attaf@Gmale;29_month;;;;;;;;;;;;;;;;;;;;;;;;;;;;;;;;;;;;;;;;;;;;;;;;;;;;;;;;;;;;;;;;;;;;;;;;;;;;;11;6;7;5;1;2
;person60;antonia;27;27/09/1996;fmale;antonia@Gmale;30_month;;;;;;;;;;;;;;;;;;;;;;;;;;;;;;;;;;;;;;;;;;;;;;;;;;;;;;;;;;;;;;;;;;;;;;;;;;;;;10;3;5;5;1;2
;person61;zhang;26;28/09/1997;fmale;zhang@Gmale;31_month;;;;;;;;;;;;;;;;;;;;;;;;;;;;;;;;;;;;;;;;;;;;;;;;;;;;;;;;;;;;;;;;;;;;;;;;;;;;;1;2;5;1;1;2
;person62;eva;25;29/09/1998;fmale;eva@Gmale;33_month;;;;;;;;;;;;;;;;;;;;;;;;;;;;;;;;;;;;;;;;;;;;;;;;;;;;;;;;;;;;;;;;;;;;;;;;;;;;;13;5;9;3;1;2
;person63;jonas;24;30/09/1999;fmale;jonas@Gmale;24_month;;;;;;;;;;;;;;;;;;;;;;;;;;;;;;;;;;;;;;;;;;;;;;;;;;;;;;;;;;;;;;;;;;;;;;;;;;;;;2;3;12;6;1;2
;person64;yuki;24;18/02/2000;male;yuki@Gmale;25_month;;;;;;;;;;;;;;;;;;;;;;;;;;;;;;;;;;;;;;;;;;;;;;;;;;;;;;;;;;;;;;;;;;;;;;;;;;;;;4;4;7;3;1;2
;person65;aprilio;25;22/02/2001;fmale;aprilio@Gmale;26_month;;;;;;;;;;;;;;;;;;;;;;;;;;;;;;;;;;;;;;;;;;;;;;;;;;;;;;;;;;;;;;;;;;;;;;;;;;;;;9;2;5;3;1;2
